"m1","sub","Sub2"
"New Year Sale ",,
"New ",,
"48 hours Dispatch ",,
"Furniture ","Living Room ","Sofas & Loveseats"
"Furniture ","Living Room ","Sofas & Loveseats"
"Furniture ","Living Room ","Sofas & Loveseats"
"Furniture ","Living Room ","Sofas & Loveseats"
"Furniture ","Living Room ","Coffe Table"
"Furniture ","Living Room ","Coffe Table"
"Furniture ","Living Room ","Coffe Table"
"Furniture ","Living Room ","Coffe Table"
"Furniture ","Living Room ","Coffe Table"
"Furniture ","Living Room ","Coffe Table"
"Furniture ","Living Room ","Coffe Table"
"Furniture ","Living Room ","Coffe Table"
"Furniture ","Living Room ","TV Stands "
"Furniture ","Living Room ","TV Stands "
"Furniture ","Living Room ","TV Stands "
"Furniture ","Living Room ","TV Stands "
"Furniture ","Living Room ","TV Stands "
"Furniture ","Living Room ","TV Stands "
"Furniture ","Living Room ","TV Stands "
"Furniture ","Living Room ","TV Stands "
"Furniture ","Living Room ","Sectionals"
"Furniture ","Living Room ","Sectionals"
"Furniture ","Living Room ","Sectionals"
"Furniture ","Living Room ","Sectionals"
"Furniture ","Living Room ","Sectionals"
"Furniture ","Living Room ","Sectionals"
"Furniture ","Living Room ","Sectionals"
"Furniture ","Living Room ","Sectionals"
"Furniture ","Living Room ","Living Room Sets "
"Furniture ","Living Room ","Living Room Sets "
"Furniture ","Living Room ","Living Room Sets "
"Furniture ","Living Room ","Living Room Sets "
"Furniture ","Living Room ","Living Room Sets "
"Furniture ","Living Room ","Living Room Sets "
"Furniture ","Living Room ","Living Room Sets "
"Furniture ","Living Room ","Living Room Sets "
"Furniture ","Bed Room Furniture ","Beds "
"Furniture ","Bed Room Furniture ","Beds "
"Furniture ","Bed Room Furniture ","Beds "
"Furniture ","Bed Room Furniture ","Beds "
"Furniture ","Bed Room Furniture ","Beds "
"Furniture ","Bed Room Furniture ","Beds "
"Furniture ","Bed Room Furniture ","Beds "
"Furniture ","Bed Room Furniture ","Beds "
"Furniture ","Bed Room Furniture ","Night Stands "
"Furniture ","Bed Room Furniture ","Night Stands "
"Furniture ","Bed Room Furniture ","Night Stands "
"Furniture ","Bed Room Furniture ","Night Stands "
"Furniture ","Bed Room Furniture ","Night Stands "
"Furniture ","Bed Room Furniture ","Night Stands "
"Furniture ","Bed Room Furniture ","Night Stands "
"Furniture ","Bed Room Furniture ","Dressers & Chests"
"Furniture ","Bed Room Furniture ","Dressers & Chests"
"Furniture ","Bed Room Furniture ","Dressers & Chests"
"Furniture ","Bed Room Furniture ","Dressers & Chests"
"Furniture ","Bed Room Furniture ","Dressers & Chests"
"Furniture ","Bed Room Furniture ","Dressers & Chests"
"Furniture ","Bed Room Furniture ","Dressers & Chests"
"Furniture ","Bed Room Furniture ","Dressers & Chests"
"Furniture ","Bed Room Furniture ","Makeup Vanaties "
"Furniture ","Bed Room Furniture ","Makeup Vanaties "
"Furniture ","Bed Room Furniture ","Makeup Vanaties "
"Furniture ","Bed Room Furniture ","Makeup Vanaties "
"Furniture ","Bed Room Furniture ","Makeup Vanaties "
"Furniture ","Bed Room Furniture ","Makeup Vanaties "
"Furniture ","Bed Room Furniture ","Makeup Vanaties "
"Furniture ","Bed Room Furniture ","Makeup Vanaties "
"Furniture ","Bed Room Furniture ","Vanity Stool "
"Furniture ","Bed Room Furniture ","Vanity Stool "
"Furniture ","Bed Room Furniture ","Vanity Stool "
"Furniture ","Bed Room Furniture ","Vanity Stool "
"Furniture ","Bed Room Furniture ","Vanity Stool "
"Furniture ","Bed Room Furniture ","Vanity Stool "
"Furniture ","Bed Room Furniture ","Vanity Stool "
"Furniture ","Bed Room Furniture ","Vanity Stool "
"Furniture ","Entryway Furniture","Console Tables "
"Furniture ","Entryway Furniture","Console Tables "
"Furniture ","Entryway Furniture","Console Tables "
"Furniture ","Entryway Furniture","Console Tables "
"Furniture ","Entryway Furniture","Console Tables "
"Furniture ","Entryway Furniture","Console Tables "
"Furniture ","Entryway Furniture","Console Tables "
"Furniture ","Entryway Furniture","Console Tables "
"Furniture ","Entryway Furniture","Shoe Storage "
"Furniture ","Entryway Furniture","Shoe Storage "
"Furniture ","Entryway Furniture","Shoe Storage "
"Furniture ","Entryway Furniture","Shoe Storage "
"Furniture ","Entryway Furniture","Shoe Storage "
"Furniture ","Entryway Furniture","Shoe Storage "
"Furniture ","Entryway Furniture","Shoe Storage "
"Furniture ","Entryway Furniture","Shoe Storage "
"Furniture ","Entryway Furniture","Coat Racks "
"Furniture ","Entryway Furniture","Coat Racks "
"Furniture ","Entryway Furniture","Coat Racks "
"Furniture ","Entryway Furniture","Coat Racks "
"Furniture ","Entryway Furniture","Coat Racks "
"Furniture ","Entryway Furniture","Coat Racks "
"Furniture ","Entryway Furniture","Coat Racks "
"Furniture ","Entryway Furniture","Coat Racks "
"Furniture ","Entryway Furniture","Umbrella Stands "
"Furniture ","Entryway Furniture","Umbrella Stands "
"Furniture ","Entryway Furniture","Wall Hooks "
"Furniture ","Entryway Furniture","Wall Hooks "
"Furniture ","Entryway Furniture","Wall Hooks "
"Furniture ","Kitchen & Dininng Furniture ","Dinning Tables "
"Furniture ","Kitchen & Dininng Furniture ","Dinning Tables "
"Furniture ","Kitchen & Dininng Furniture ","Dinning Tables "
"Furniture ","Kitchen & Dininng Furniture ","Dinning Tables "
"Furniture ","Kitchen & Dininng Furniture ","Dinning Tables "
"Furniture ","Kitchen & Dininng Furniture ","Dinning Tables "
"Furniture ","Kitchen & Dininng Furniture ","Dinning Tables "
"Furniture ","Kitchen & Dininng Furniture ","Dinning Tables "
"Furniture ","Kitchen & Dininng Furniture ","Dinning Chairs "
"Furniture ","Kitchen & Dininng Furniture ","Dinning Chairs "
"Furniture ","Kitchen & Dininng Furniture ","Dinning Chairs "
"Furniture ","Kitchen & Dininng Furniture ","Dinning Chairs "
"Furniture ","Kitchen & Dininng Furniture ","Dinning Chairs "
"Furniture ","Kitchen & Dininng Furniture ","Dinning Chairs "
"Furniture ","Kitchen & Dininng Furniture ","Dinning Chairs "
"Furniture ","Kitchen & Dininng Furniture ","Dinning Chairs "
"Furniture ","Kitchen & Dininng Furniture ","Dining Room Sets"
"Furniture ","Kitchen & Dininng Furniture ","Dining Room Sets"
"Furniture ","Kitchen & Dininng Furniture ","Dining Room Sets"
"Furniture ","Kitchen & Dininng Furniture ","Dining Room Sets"
"Furniture ","Kitchen & Dininng Furniture ","Dining Room Sets"
"Furniture ","Kitchen & Dininng Furniture ","Dining Room Sets"
"Furniture ","Kitchen & Dininng Furniture ","Dining Room Sets"
"Furniture ","Kitchen & Dininng Furniture ","Dining Room Sets"
"Furniture ","Kitchen & Dininng Furniture ","Sideboards & buffets "
"Furniture ","Kitchen & Dininng Furniture ","Sideboards & buffets "
"Furniture ","Kitchen & Dininng Furniture ","Sideboards & buffets "
"Furniture ","Kitchen & Dininng Furniture ","Sideboards & buffets "
"Furniture ","Kitchen & Dininng Furniture ","Sideboards & buffets "
"Furniture ","Kitchen & Dininng Furniture ","Sideboards & buffets "
"Furniture ","Kitchen & Dininng Furniture ","Sideboards & buffets "
"Furniture ","Kitchen & Dininng Furniture ","Sideboards & buffets "
"Furniture ","Kitchen & Dininng Furniture ","Bar Stools "
"Furniture ","Kitchen & Dininng Furniture ","Kitchen Island & Carts "
"Furniture ","Office Furniture ","Desks "
"Furniture ","Office Furniture ","Book Cases & Bookshelves "
"Furniture ","Office Furniture ","Office Chairs "
"Furniture ","Office Furniture ","Magazine Racks "
"Bath & Faucets ","Bathroom Remodel","Shower Systems "
"Bath & Faucets ","Bathroom Remodel","Bathroom Faucets"
"Bath & Faucets ","Bathroom Remodel","Bathtub Faucets"
"Bath & Faucets ","Bathroom Remodel","Toilets "
"Bath & Faucets ","Bathroom Remodel","Tubs"
"Bath & Faucets ","Bathroom Remodel","Bathroom Sinks"
"Bath & Faucets ","Bathroom Remodel","Bathroom Mirrors"
"Bath & Faucets ","Bathroom Accessories & Organization","Bathroom Sinks"
"Bath & Faucets ","Bathroom Accessories & Organization","Shower accessories "
"Bath & Faucets ","Bathroom Accessories & Organization","Hampers & Baskets"
"Bath & Faucets ","Bathroom Accessories & Organization","Towel Storage"
"Bath & Faucets ","Bathroom Accessories & Organization","Toilet paper Holders "
"Bath & Faucets ","Kitchen Remodel ","Kitchen Fauctes"
"Bath & Faucets ","Kitchen Remodel ","Kitchen Sinks"
"Bath & Faucets ","Kitchen Remodel ","Soap Dispeners "
"Bath & Faucets ","Hot Tubs & Saunas ",
"Lighting ","Ceiling Lights","Pendant Lights"
"Lighting ","Ceiling Lights","Chandeiliiers"
"Lighting ","Ceiling Lights","Semi Flush Lights"
"Lighting ","Ceiling Lights","Island Lights "
"Lighting ","Ceiling Lights","Ceiling Fans "
"Lighting ","Wall Lights","Wall Sconces"
"Lighting ","Wall Lights","Bathroom Wall Lights"
"Lighting ","Table & Floor Lamps","Floor Lamps "
"Lighting ","Table & Floor Lamps","Table Lamps "
"Lighting ","Outdoor Lighting ","Outdoor Wall Lighing "
"Lighting ","Light Bulbs ",
"Outdoor Furniture","Outdoor Lounge Funiture ","Patio Conversation sets "
"Outdoor Furniture","Outdoor Lounge Funiture ","Outdoor sofas"
"Outdoor Furniture","Outdoor Lounge Funiture ","Outdoor chairs"
"Outdoor Furniture","Outdoor Lounge Funiture ","outdoor coffee tables"
"Outdoor Furniture","Outdoor dining Furniture","Patio Dining Sets"
"Outdoor Furniture","Outdoor dining Furniture","Outdoor Dining Chairs "
"Outdoor Furniture","Outdoor Heating & Cooling","Patio Heaters"
"Outdoor Furniture","Outdoor Heating & Cooling","Fire Pits"
"Outdoor Furniture","Garden","Planters "
"Decor","Rugs","Area Rugs"
"Decor","Flowers & Plants","Planters "
"Decor","Seasonal Decor","Christams Decortaions "
"Storage & Organization","Closet Organization ","Clothes & Garment Rocks "
"Storage & Organization","Kitchen Organization ","Cabinets & Pantry"
"Storage & Organization","Kitchen Organization ","Food Storage "
"Storage & Organization","Shoe Storage",
"Storage & Organization","Bathroom Organization","Bathroom Shelves"
"Storage & Organization","Bathroom Organization","Beauty Organization"
"Storage & Organization","Cleaning & Laundry ","Hampers & Baskets"
"Storage & Organization","Cleaning & Laundry ","Decorative Trays "
"Storage & Organization","Cleaning & Laundry ","Jewlery Boxes"
"Kitchen","Kitchen Remodel ","Kitchen Sinks"
"Kitchen","Kitchen Remodel ","Kitchen Faucets "
"Kitchen","Kitchen Remodel ","Soap Dispeners "
"Kitchen","Bar & Wine","Wine Racks"
"Kitchen","Bar & Wine","Bar Carts"
"Kitchen","Kitchen Organization ","Kitchen Trays"
"Kitchen","Kitchen Organization ","Kitchen Trash"
"Kitchen","Kitchen Organization ","Food storage "
"Kitchen","Kitchen Organization ","Fruid & bread Baskets "
"Room Ideas","Shop By Room","Shop by color"
"Room Ideas","Shop By Room","fast dispatch"
"Room Ideas","Shop by style","minimalist style"
"Room Ideas","Shop by style","modern style"
"Sale","New Year Sale ",
"Sale","Sale by style","Modern collection "
"Sale","Sale by style","Farmhouse style"
"Sale","Sale by style","industrial style"
"Sale","Sale by Category","Kitchen & dining"
"Sale","Sale by Category","living room"
"Sale","Sale by Category","bedroom"
"Sale","Sale by Category","home office "
"Sale","Sale by Category","smart bathroom"
"Sale","Sale by Category","modern lightning "
